Timestamp,Site,TurbineID,WindSpeed_mps,PowerOutput_kW,BreakerStatus,TurbineState,LMP
2025-04-12 16:42:11.179221,GEN,GEN_T01,8.276682663684761,827.6682663684761,Closed,Generating,29.96
2025-04-12 16:42:11.179221,GEN,GEN_T02,8.877614813821822,887.7614813821822,Closed,Generating,12.16
2025-04-12 16:42:11.179221,GEN,GEN_T03,6.96780843579689,696.780843579689,Closed,Generating,19.82
2025-04-12 16:42:11.179221,GEN,GEN_T04,4.091648768972648,409.16487689726483,Closed,Environment,30.05
2025-04-12 16:42:11.179221,GEN,GEN_T05,6.079534289648525,607.9534289648525,Closed,Maintenance,20.2
2025-04-12 16:42:11.179221,WHR,WHR_T01,7.882096391976941,788.2096391976942,Closed,Env. Curtail,21.3
2025-04-12 16:42:11.179221,WHR,WHR_T02,7.395481237911303,739.5481237911304,Closed,Generating,24.24
2025-04-12 16:42:11.179221,WHR,WHR_T03,7.571264616985464,757.1264616985463,Closed,Generating,22.48
2025-04-12 16:42:11.179221,WHR,WHR_T04,10.585679691297212,1058.5679691297212,Closed,Generating,16.88
2025-04-12 16:42:11.179221,WHR,WHR_T05,6.295397650021223,629.5397650021223,Open,Unknown,16.33
2025-04-12 16:42:11.179221,FOS,FOS_T01,11.844299708202836,1184.4299708202836,Closed,Generating,25.69
2025-04-12 16:42:11.179221,FOS,FOS_T02,11.593935891158166,1159.3935891158167,Closed,Unknown,18.48
2025-04-12 16:42:11.179221,FOS,FOS_T03,5.3566275111080905,535.662751110809,Closed,Generating,16.91
2025-04-12 16:42:11.179221,FOS,FOS_T04,5.192664326280379,519.2664326280379,Closed,Env. Curtail,14.07
2025-04-12 16:42:11.179221,FOS,FOS_T05,7.645484711547866,764.5484711547865,Open,Curtailed,13.99
2025-04-12 17:12:11.179221,GEN,GEN_T01,4.845691795371012,484.5691795371012,Closed,Generating,24.18
2025-04-12 17:12:11.179221,GEN,GEN_T02,7.849622939015741,784.9622939015741,Closed,Generating,19.18
2025-04-12 17:12:11.179221,GEN,GEN_T03,7.278153062661783,727.8153062661783,Open,Ready,15.4
2025-04-12 17:12:11.179221,GEN,GEN_T04,9.585351742585908,958.5351742585908,Open,Generating,22.1
2025-04-12 17:12:11.179221,GEN,GEN_T05,5.198087981498336,519.8087981498336,Closed,Generating,30.12
2025-04-12 17:12:11.179221,WHR,WHR_T01,7.180035220136604,718.0035220136605,Closed,Generating,20.55
2025-04-12 17:12:11.179221,WHR,WHR_T02,7.1748898027208,717.4889802720801,Closed,Generating,19.28
2025-04-12 17:12:11.179221,WHR,WHR_T03,7.471464560583886,747.1464560583886,Closed,Env. Curtail,12.69
2025-04-12 17:12:11.179221,WHR,WHR_T04,10.744120319072387,1074.4120319072388,Closed,Generating,19.73
2025-04-12 17:12:11.179221,WHR,WHR_T05,4.222648842532202,422.2648842532202,Closed,Generating,20.48
2025-04-12 17:12:11.179221,FOS,FOS_T01,5.567788189885832,556.7788189885832,Closed,Ready,16.21
2025-04-12 17:12:11.179221,FOS,FOS_T02,2.924551315712769,292.45513157127687,Closed,Generating,26.21
2025-04-12 17:12:11.179221,FOS,FOS_T03,3.4343406197560906,343.43406197560904,Closed,Maintenance,13.3
2025-04-12 17:12:11.179221,FOS,FOS_T04,8.452792629623552,845.2792629623552,Closed,Unknown,13.24
2025-04-12 17:12:11.179221,FOS,FOS_T05,5.0650428709917605,506.50428709917605,Closed,Generating,14.18
2025-04-12 17:42:11.179221,GEN,GEN_T01,9.079792302255992,907.9792302255992,Closed,Generating,15.39
2025-04-12 17:42:11.179221,GEN,GEN_T02,6.354918959797494,635.4918959797494,Closed,Generating,10.64
2025-04-12 17:42:11.179221,GEN,GEN_T03,11.419918406518859,1141.991840651886,Closed,Warning,16.45
2025-04-12 17:42:11.179221,GEN,GEN_T04,5.652114922553755,565.2114922553756,Closed,Generating,23.9
2025-04-12 17:42:11.179221,GEN,GEN_T05,7.282763757624027,728.2763757624027,Closed,Ready,18.7
2025-04-12 17:42:11.179221,WHR,WHR_T01,7.88369206855447,788.3692068554469,Closed,Generating,23.43
2025-04-12 17:42:11.179221,WHR,WHR_T02,8.626753176434738,862.6753176434738,Closed,Generating,12.21
2025-04-12 17:42:11.179221,WHR,WHR_T03,8.19926848839014,819.926848839014,Closed,Ready,16.93
2025-04-12 17:42:11.179221,WHR,WHR_T04,7.558162949805354,755.8162949805354,Closed,Generating,15.63
2025-04-12 17:42:11.179221,WHR,WHR_T05,4.507548218627477,450.7548218627477,Closed,Generating,21.02
2025-04-12 17:42:11.179221,FOS,FOS_T01,7.328533481008732,732.8533481008732,Closed,Faulted,15.38
2025-04-12 17:42:11.179221,FOS,FOS_T02,10.03606813312145,1003.606813312145,Closed,Env. Curtail,26.55
2025-04-12 17:42:11.179221,FOS,FOS_T03,7.551957307938557,755.1957307938557,Closed,Generating,28.04
2025-04-12 17:42:11.179221,FOS,FOS_T04,9.871049689807101,987.1049689807102,Closed,Faulted,21.28
2025-04-12 17:42:11.179221,FOS,FOS_T05,8.88206338772086,888.206338772086,Closed,Maintenance,16.56
2025-04-12 18:12:11.179221,GEN,GEN_T01,4.150035546245542,415.0035546245542,Closed,Generating,16.05
2025-04-12 18:12:11.179221,GEN,GEN_T02,8.597419268156072,859.7419268156071,Closed,Generating,22.98
2025-04-12 18:12:11.179221,GEN,GEN_T03,7.207999247724685,720.7999247724686,Closed,Generating,21.82
2025-04-12 18:12:11.179221,GEN,GEN_T04,6.68365935124004,668.3659351240041,Closed,Generating,12.05
2025-04-12 18:12:11.179221,GEN,GEN_T05,10.422345275350189,1042.234527535019,Closed,Curtailed,17.96
2025-04-12 18:12:11.179221,WHR,WHR_T01,9.105645122987635,910.5645122987635,Closed,Generating,16.97
2025-04-12 18:12:11.179221,WHR,WHR_T02,11.886542533727289,1188.6542533727288,Open,Generating,23.42
2025-04-12 18:12:11.179221,WHR,WHR_T03,12.109229681698132,1210.9229681698132,Closed,Generating,12.77
2025-04-12 18:12:11.179221,WHR,WHR_T04,9.891504302149556,989.1504302149556,Closed,Generating,19.79
2025-04-12 18:12:11.179221,WHR,WHR_T05,9.414415240627116,941.4415240627117,Closed,Generating,25.87
2025-04-12 18:12:11.179221,FOS,FOS_T01,6.156949652788633,615.6949652788633,Closed,Maintenance,11.88
2025-04-12 18:12:11.179221,FOS,FOS_T02,9.242299116594086,924.2299116594087,Closed,Generating,12.79
2025-04-12 18:12:11.179221,FOS,FOS_T03,6.771518190940018,677.1518190940018,Closed,Generating,23.15
2025-04-12 18:12:11.179221,FOS,FOS_T04,7.950213364396896,795.0213364396897,Closed,No Comm,19.94
2025-04-12 18:12:11.179221,FOS,FOS_T05,6.304421684713403,630.4421684713403,Closed,Generating,20.66
2025-04-12 18:42:11.179221,GEN,GEN_T01,3.1765199711114764,317.65199711114764,Closed,Faulted,20.19
2025-04-12 18:42:11.179221,GEN,GEN_T02,9.000968587651961,900.0968587651961,Closed,Generating,19.17
2025-04-12 18:42:11.179221,GEN,GEN_T03,8.076042758205833,807.6042758205833,Closed,Generating,18.57
2025-04-12 18:42:11.179221,GEN,GEN_T04,5.330574952205318,533.0574952205318,Closed,Generating,23.93
2025-04-12 18:42:11.179221,GEN,GEN_T05,10.011335163025871,1001.133516302587,Closed,Generating,18.8
2025-04-12 18:42:11.179221,WHR,WHR_T01,5.406192701598949,540.6192701598949,Closed,Environment,18.27
2025-04-12 18:42:11.179221,WHR,WHR_T02,3.0033804970831097,300.33804970831096,Closed,Faulted,13.4
2025-04-12 18:42:11.179221,WHR,WHR_T03,7.215283545885887,721.5283545885887,Closed,Generating,25.06
2025-04-12 18:42:11.179221,WHR,WHR_T04,10.900682234202833,1090.0682234202832,Open,Faulted,16.2
2025-04-12 18:42:11.179221,WHR,WHR_T05,10.542391102763052,1054.2391102763052,Closed,Faulted,23.57
2025-04-12 18:42:11.179221,FOS,FOS_T01,10.742454551366063,1074.2454551366063,Closed,Env. Curtail,26.87
2025-04-12 18:42:11.179221,FOS,FOS_T02,8.561933550212336,856.1933550212336,Closed,Maintenance,16.81
2025-04-12 18:42:11.179221,FOS,FOS_T03,7.636933872484906,763.6933872484906,Closed,Generating,20.02
2025-04-12 18:42:11.179221,FOS,FOS_T04,8.200535751191296,820.0535751191296,Open,Generating,20.08
2025-04-12 18:42:11.179221,FOS,FOS_T05,6.9405967543498495,694.0596754349849,Closed,Curtailed,28.01
2025-04-12 19:12:11.179221,GEN,GEN_T01,8.817436290026372,881.7436290026371,Closed,Curtailed,13.89
2025-04-12 19:12:11.179221,GEN,GEN_T02,6.971232812257172,697.1232812257173,Closed,Generating,11.77
2025-04-12 19:12:11.179221,GEN,GEN_T03,8.264292859746435,826.4292859746436,Closed,Generating,21.91
2025-04-12 19:12:11.179221,GEN,GEN_T04,2.6708060007314014,267.08060007314015,Closed,Generating,16.03
2025-04-12 19:12:11.179221,GEN,GEN_T05,0.7060181221535391,70.6018122153539,Closed,Generating,15.69
2025-04-12 19:12:11.179221,WHR,WHR_T01,6.610416880736608,661.0416880736608,Closed,Unknown,22.0
2025-04-12 19:12:11.179221,WHR,WHR_T02,6.888136322802597,688.8136322802598,Closed,Curtailed,20.58
2025-04-12 19:12:11.179221,WHR,WHR_T03,9.867585790615555,986.7585790615556,Closed,Generating,17.98
2025-04-12 19:12:11.179221,WHR,WHR_T04,7.741121832441571,774.1121832441571,Open,Environment,18.5
2025-04-12 19:12:11.179221,WHR,WHR_T05,12.056488987491917,1205.6488987491916,Closed,Generating,14.63
2025-04-12 19:12:11.179221,FOS,FOS_T01,10.453400969180079,1045.340096918008,Open,Generating,23.81
2025-04-12 19:12:11.179221,FOS,FOS_T02,9.254337538564666,925.4337538564666,Closed,Generating,18.75
2025-04-12 19:12:11.179221,FOS,FOS_T03,7.456844617401406,745.6844617401406,Open,Generating,21.27
2025-04-12 19:12:11.179221,FOS,FOS_T04,4.2145112501180595,421.45112501180597,Closed,Ready,15.25
2025-04-12 19:12:11.179221,FOS,FOS_T05,4.860792100396423,486.07921003964225,Closed,Generating,24.61
2025-04-12 19:42:11.179221,GEN,GEN_T01,2.1565650007576025,215.65650007576025,Closed,Generating,10.51
2025-04-12 19:42:11.179221,GEN,GEN_T02,8.952835659240412,895.2835659240412,Closed,Curtailed,19.84
2025-04-12 19:42:11.179221,GEN,GEN_T03,7.400743240694929,740.074324069493,Closed,Generating,27.23
2025-04-12 19:42:11.179221,GEN,GEN_T04,7.271580135398597,727.1580135398598,Closed,Generating,22.93
2025-04-12 19:42:11.179221,GEN,GEN_T05,6.733284564644181,673.3284564644181,Closed,Generating,19.56
2025-04-12 19:42:11.179221,WHR,WHR_T01,8.956198215033899,895.6198215033899,Closed,Generating,24.48
2025-04-12 19:42:11.179221,WHR,WHR_T02,6.568772987500095,656.8772987500095,Closed,Curtailed,18.14
2025-04-12 19:42:11.179221,WHR,WHR_T03,10.962128369221384,1096.2128369221384,Closed,Ready,35.02
2025-04-12 19:42:11.179221,WHR,WHR_T04,5.323450030202018,532.3450030202018,Closed,Faulted,28.28
2025-04-12 19:42:11.179221,WHR,WHR_T05,9.34496910972869,934.496910972869,Open,Faulted,18.72
2025-04-12 19:42:11.179221,FOS,FOS_T01,11.706941347166183,1170.6941347166182,Open,Faulted,24.47
2025-04-12 19:42:11.179221,FOS,FOS_T02,8.479975595663515,847.9975595663515,Closed,Generating,12.78
2025-04-12 19:42:11.179221,FOS,FOS_T03,9.783416564642895,978.3416564642895,Closed,Ready,19.74
2025-04-12 19:42:11.179221,FOS,FOS_T04,11.264651924336398,1126.46519243364,Closed,Generating,16.44
2025-04-12 19:42:11.179221,FOS,FOS_T05,9.866715296659683,986.6715296659683,Closed,Env. Curtail,24.45
2025-04-12 20:12:11.179221,GEN,GEN_T01,4.07515190869507,407.515190869507,Closed,Generating,16.13
2025-04-12 20:12:11.179221,GEN,GEN_T02,8.12604014852608,812.604014852608,Closed,Curtailed,13.91
2025-04-12 20:12:11.179221,GEN,GEN_T03,8.710639875205175,871.0639875205175,Closed,Generating,11.42
2025-04-12 20:12:11.179221,GEN,GEN_T04,9.67885762361564,967.8857623615639,Closed,Ready,17.99
2025-04-12 20:12:11.179221,GEN,GEN_T05,8.589464971467306,858.9464971467306,Closed,Ready,18.48
2025-04-12 20:12:11.179221,WHR,WHR_T01,9.551512459801941,955.1512459801941,Closed,Generating,19.79
2025-04-12 20:12:11.179221,WHR,WHR_T02,6.731097848815647,673.1097848815647,Closed,Generating,17.56
2025-04-12 20:12:11.179221,WHR,WHR_T03,6.448138560861036,644.8138560861036,Closed,Generating,21.97
2025-04-12 20:12:11.179221,WHR,WHR_T04,6.894610873680772,689.4610873680772,Closed,Ready,22.5
2025-04-12 20:12:11.179221,WHR,WHR_T05,8.204883565175452,820.4883565175452,Closed,Maintenance,24.53
2025-04-12 20:12:11.179221,FOS,FOS_T01,5.961668754385691,596.1668754385691,Closed,Ready,17.53
2025-04-12 20:12:11.179221,FOS,FOS_T02,8.377333842750154,837.7333842750154,Closed,Generating,21.02
2025-04-12 20:12:11.179221,FOS,FOS_T03,8.91186917731833,891.186917731833,Closed,Faulted,23.74
2025-04-12 20:12:11.179221,FOS,FOS_T04,7.673587002794445,767.3587002794445,Closed,Generating,20.63
2025-04-12 20:12:11.179221,FOS,FOS_T05,9.251027631185961,925.102763118596,Closed,Generating,23.29
2025-04-12 20:42:11.179221,GEN,GEN_T01,12.048203612596193,1204.8203612596194,Open,Generating,16.29
2025-04-12 20:42:11.179221,GEN,GEN_T02,8.439625473312336,843.9625473312336,Closed,Generating,22.53
2025-04-12 20:42:11.179221,GEN,GEN_T03,10.823395198522507,1082.3395198522508,Closed,Faulted,20.47
2025-04-12 20:42:11.179221,GEN,GEN_T04,6.947375386174681,694.7375386174681,Open,Generating,25.4
2025-04-12 20:42:11.179221,GEN,GEN_T05,5.152252394258392,515.2252394258392,Closed,Generating,22.08
2025-04-12 20:42:11.179221,WHR,WHR_T01,8.172719293858735,817.2719293858736,Open,Faulted,16.66
2025-04-12 20:42:11.179221,WHR,WHR_T02,7.569240282777123,756.9240282777123,Closed,Faulted,17.69
2025-04-12 20:42:11.179221,WHR,WHR_T03,8.562880410552943,856.2880410552942,Closed,Generating,33.22
2025-04-12 20:42:11.179221,WHR,WHR_T04,7.882190958724789,788.2190958724789,Closed,Generating,22.49
2025-04-12 20:42:11.179221,WHR,WHR_T05,9.356757136537833,935.6757136537833,Closed,Generating,15.95
2025-04-12 20:42:11.179221,FOS,FOS_T01,12.520206585905392,1252.0206585905391,Closed,Generating,11.02
2025-04-12 20:42:11.179221,FOS,FOS_T02,9.119900131774191,911.9900131774191,Closed,Unknown,20.69
2025-04-12 20:42:11.179221,FOS,FOS_T03,10.09824851959167,1009.824851959167,Closed,Generating,27.16
2025-04-12 20:42:11.179221,FOS,FOS_T04,9.990624334037644,999.0624334037644,Closed,Generating,21.6
2025-04-12 20:42:11.179221,FOS,FOS_T05,4.458165538541766,445.8165538541766,Closed,Ready,26.46
2025-04-12 21:12:11.179221,GEN,GEN_T01,7.398900347049272,739.8900347049272,Closed,Generating,24.25
2025-04-12 21:12:11.179221,GEN,GEN_T02,8.007447134904634,800.7447134904634,Closed,Ready,17.01
2025-04-12 21:12:11.179221,GEN,GEN_T03,5.190317825135595,519.0317825135595,Closed,Generating,20.12
2025-04-12 21:12:11.179221,GEN,GEN_T04,9.786706410841424,978.6706410841424,Closed,Generating,20.44
2025-04-12 21:12:11.179221,GEN,GEN_T05,7.762560246609725,776.2560246609726,Open,Ready,12.64
2025-04-12 21:12:11.179221,WHR,WHR_T01,11.61187737183609,1161.187737183609,Closed,Unknown,26.69
2025-04-12 21:12:11.179221,WHR,WHR_T02,9.25036549457559,925.036549457559,Closed,Generating,21.13
2025-04-12 21:12:11.179221,WHR,WHR_T03,7.189900532427696,718.9900532427696,Closed,Generating,17.89
2025-04-12 21:12:11.179221,WHR,WHR_T04,8.682513985421592,868.2513985421591,Closed,Generating,20.27
2025-04-12 21:12:11.179221,WHR,WHR_T05,6.54912362887911,654.9123628879111,Closed,Environment,24.2
2025-04-12 21:12:11.179221,FOS,FOS_T01,8.193432035281427,819.3432035281427,Closed,Generating,30.31
2025-04-12 21:12:11.179221,FOS,FOS_T02,9.172533607396666,917.2533607396666,Closed,Ready,20.27
2025-04-12 21:12:11.179221,FOS,FOS_T03,5.802734089227203,580.2734089227203,Closed,Generating,12.39
2025-04-12 21:12:11.179221,FOS,FOS_T04,6.84187033894368,684.187033894368,Closed,Faulted,18.81
2025-04-12 21:12:11.179221,FOS,FOS_T05,8.58421702361095,858.4217023610951,Closed,Generating,14.5
2025-04-12 21:42:11.179221,GEN,GEN_T01,7.230145804109718,723.0145804109718,Closed,Generating,21.02
2025-04-12 21:42:11.179221,GEN,GEN_T02,8.606989122789725,860.6989122789726,Closed,Generating,15.84
2025-04-12 21:42:11.179221,GEN,GEN_T03,8.817229244715774,881.7229244715774,Closed,Ready,20.24
2025-04-12 21:42:11.179221,GEN,GEN_T04,7.7528366583873956,775.2836658387396,Closed,Generating,27.77
2025-04-12 21:42:11.179221,GEN,GEN_T05,6.916547154180104,691.6547154180104,Closed,Generating,20.05
2025-04-12 21:42:11.179221,WHR,WHR_T01,7.033365282623803,703.3365282623803,Closed,Faulted,18.89
2025-04-12 21:42:11.179221,WHR,WHR_T02,8.733651783623305,873.3651783623305,Closed,Curtailed,24.92
2025-04-12 21:42:11.179221,WHR,WHR_T03,9.957756070029669,995.7756070029669,Closed,Generating,21.87
2025-04-12 21:42:11.179221,WHR,WHR_T04,10.022211327139475,1002.2211327139476,Closed,Env. Curtail,11.42
2025-04-12 21:42:11.179221,WHR,WHR_T05,7.005101675473803,700.5101675473803,Closed,Generating,17.95
2025-04-12 21:42:11.179221,FOS,FOS_T01,10.258016125655427,1025.8016125655427,Closed,Generating,21.76
2025-04-12 21:42:11.179221,FOS,FOS_T02,5.866656964316309,586.665696431631,Closed,Generating,15.1
2025-04-12 21:42:11.179221,FOS,FOS_T03,5.287538899821438,528.7538899821438,Closed,Curtailed,24.47
2025-04-12 21:42:11.179221,FOS,FOS_T04,4.054245008675448,405.4245008675448,Closed,Generating,11.26
2025-04-12 21:42:11.179221,FOS,FOS_T05,7.394433737985054,739.4433737985054,Closed,Generating,18.98
2025-04-12 22:12:11.179221,GEN,GEN_T01,8.114888166432607,811.4888166432606,Closed,No Comm,14.07
2025-04-12 22:12:11.179221,GEN,GEN_T02,5.424319021200051,542.4319021200051,Closed,Generating,9.71
2025-04-12 22:12:11.179221,GEN,GEN_T03,9.574540808533117,957.4540808533117,Closed,Generating,24.47
2025-04-12 22:12:11.179221,GEN,GEN_T04,5.4599267305533505,545.9926730553351,Closed,Generating,25.78
2025-04-12 22:12:11.179221,GEN,GEN_T05,11.068091567054537,1106.8091567054537,Closed,Env. Curtail,28.34
2025-04-12 22:12:11.179221,WHR,WHR_T01,8.591222195305685,859.1222195305685,Closed,Warning,28.0
2025-04-12 22:12:11.179221,WHR,WHR_T02,7.299385775735438,729.9385775735437,Closed,No Comm,13.38
2025-04-12 22:12:11.179221,WHR,WHR_T03,9.797621136819691,979.7621136819691,Closed,Generating,24.13
2025-04-12 22:12:11.179221,WHR,WHR_T04,2.610174575675954,261.0174575675954,Closed,Generating,23.85
2025-04-12 22:12:11.179221,WHR,WHR_T05,5.327344426614795,532.7344426614795,Closed,Faulted,30.61
2025-04-12 22:12:11.179221,FOS,FOS_T01,9.593596459057276,959.3596459057276,Closed,Generating,34.27
2025-04-12 22:12:11.179221,FOS,FOS_T02,10.071766378408254,1007.1766378408254,Closed,Env. Curtail,11.86
2025-04-12 22:12:11.179221,FOS,FOS_T03,6.8894618759543915,688.9461875954391,Closed,Generating,22.16
2025-04-12 22:12:11.179221,FOS,FOS_T04,5.3043822695254,530.4382269525399,Closed,Generating,15.4
2025-04-12 22:12:11.179221,FOS,FOS_T05,8.373976675497003,837.3976675497003,Closed,Faulted,16.17
2025-04-12 22:42:11.179221,GEN,GEN_T01,4.7681252004236425,476.81252004236427,Closed,Ready,22.22
2025-04-12 22:42:11.179221,GEN,GEN_T02,7.803204068975035,780.3204068975035,Closed,Generating,15.14
2025-04-12 22:42:11.179221,GEN,GEN_T03,7.216483328076832,721.6483328076831,Closed,Generating,17.25
2025-04-12 22:42:11.179221,GEN,GEN_T04,9.23372646665554,923.3726466655539,Open,Generating,18.29
2025-04-12 22:42:11.179221,GEN,GEN_T05,10.129355022080327,1012.9355022080327,Closed,Generating,16.33
2025-04-12 22:42:11.179221,WHR,WHR_T01,9.899878514618518,989.9878514618517,Open,Generating,18.57
2025-04-12 22:42:11.179221,WHR,WHR_T02,6.191432514588255,619.1432514588255,Closed,Ready,17.96
2025-04-12 22:42:11.179221,WHR,WHR_T03,4.398448356540181,439.8448356540181,Closed,Ready,20.13
2025-04-12 22:42:11.179221,WHR,WHR_T04,10.142113178141358,1014.2113178141358,Closed,Generating,31.03
2025-04-12 22:42:11.179221,WHR,WHR_T05,10.39754581786791,1039.754581786791,Closed,Generating,26.02
2025-04-12 22:42:11.179221,FOS,FOS_T01,7.536087468508907,753.6087468508907,Closed,Env. Curtail,22.88
2025-04-12 22:42:11.179221,FOS,FOS_T02,6.776176259176524,677.6176259176524,Closed,Ready,7.97
2025-04-12 22:42:11.179221,FOS,FOS_T03,7.9001073977967,790.01073977967,Closed,Env. Curtail,20.09
2025-04-12 22:42:11.179221,FOS,FOS_T04,7.959438634838839,795.9438634838839,Closed,Ready,15.11
2025-04-12 22:42:11.179221,FOS,FOS_T05,8.65896756587521,865.896756587521,Closed,Faulted,22.39
2025-04-12 23:12:11.179221,GEN,GEN_T01,9.090349070491376,909.0349070491376,Closed,Ready,23.01
2025-04-12 23:12:11.179221,GEN,GEN_T02,8.668004807874961,866.8004807874961,Closed,Warning,18.25
2025-04-12 23:12:11.179221,GEN,GEN_T03,4.971937548761151,497.19375487611507,Closed,Generating,22.8
2025-04-12 23:12:11.179221,GEN,GEN_T04,7.204582396689115,720.4582396689115,Closed,Generating,24.19
2025-04-12 23:12:11.179221,GEN,GEN_T05,11.899047891828552,1189.9047891828552,Open,Generating,12.59
2025-04-12 23:12:11.179221,WHR,WHR_T01,10.578844243014967,1057.8844243014967,Closed,Generating,22.19
2025-04-12 23:12:11.179221,WHR,WHR_T02,8.449575978123345,844.9575978123345,Closed,Faulted,18.32
2025-04-12 23:12:11.179221,WHR,WHR_T03,8.708728191781654,870.8728191781654,Closed,Faulted,17.71
2025-04-12 23:12:11.179221,WHR,WHR_T04,5.324571382972641,532.4571382972641,Closed,Unknown,22.1
2025-04-12 23:12:11.179221,WHR,WHR_T05,5.629658125031084,562.9658125031084,Closed,Generating,22.06
2025-04-12 23:12:11.179221,FOS,FOS_T01,7.625810487936166,762.5810487936166,Closed,Generating,21.58
2025-04-12 23:12:11.179221,FOS,FOS_T02,10.690244698454753,1069.0244698454753,Closed,Generating,21.69
2025-04-12 23:12:11.179221,FOS,FOS_T03,4.195424124911139,419.5424124911139,Closed,Generating,13.84
2025-04-12 23:12:11.179221,FOS,FOS_T04,6.386157828102143,638.6157828102143,Closed,Environment,26.32
2025-04-12 23:12:11.179221,FOS,FOS_T05,6.8960310453602505,689.6031045360251,Closed,Curtailed,24.88
2025-04-12 23:42:11.179221,GEN,GEN_T01,3.027671529510883,302.7671529510883,Closed,Maintenance,27.47
2025-04-12 23:42:11.179221,GEN,GEN_T02,4.2634631716552835,426.3463171655284,Closed,Generating,37.96
2025-04-12 23:42:11.179221,GEN,GEN_T03,9.06666511914713,906.6665119147129,Closed,Generating,17.31
2025-04-12 23:42:11.179221,GEN,GEN_T04,5.2746498599368525,527.4649859936852,Closed,Generating,11.36
2025-04-12 23:42:11.179221,GEN,GEN_T05,5.642678099431306,564.2678099431306,Closed,Warning,33.42
2025-04-12 23:42:11.179221,WHR,WHR_T01,6.156803653280955,615.6803653280955,Closed,Generating,29.5
2025-04-12 23:42:11.179221,WHR,WHR_T02,6.380036179816005,638.0036179816005,Closed,Ready,17.23
2025-04-12 23:42:11.179221,WHR,WHR_T03,3.418914270571727,341.8914270571727,Closed,Generating,25.92
2025-04-12 23:42:11.179221,WHR,WHR_T04,10.598084305904568,1059.8084305904567,Closed,Generating,22.93
2025-04-12 23:42:11.179221,WHR,WHR_T05,7.717188072606937,771.7188072606937,Open,Generating,18.12
2025-04-12 23:42:11.179221,FOS,FOS_T01,4.720028950239721,472.0028950239721,Closed,Generating,21.39
2025-04-12 23:42:11.179221,FOS,FOS_T02,10.590583575945644,1059.0583575945643,Open,Generating,19.42
2025-04-12 23:42:11.179221,FOS,FOS_T03,4.624011006255921,462.40110062559216,Closed,Generating,19.01
2025-04-12 23:42:11.179221,FOS,FOS_T04,9.232138026552294,923.2138026552294,Closed,Env. Curtail,23.26
2025-04-12 23:42:11.179221,FOS,FOS_T05,8.870351116961402,887.0351116961401,Closed,Env. Curtail,24.55
2025-04-13 00:12:11.179221,GEN,GEN_T01,7.351562125029025,735.1562125029025,Closed,Generating,20.31
2025-04-13 00:12:11.179221,GEN,GEN_T02,6.4742658711396395,647.4265871139639,Closed,Generating,25.14
2025-04-13 00:12:11.179221,GEN,GEN_T03,7.772651996880338,777.2651996880338,Closed,Generating,29.23
2025-04-13 00:12:11.179221,GEN,GEN_T04,6.452586231143111,645.2586231143111,Closed,Maintenance,31.64
2025-04-13 00:12:11.179221,GEN,GEN_T05,10.234014020710791,1023.4014020710791,Closed,Generating,21.26
2025-04-13 00:12:11.179221,WHR,WHR_T01,5.2872898536795985,528.7289853679598,Closed,Generating,17.07
2025-04-13 00:12:11.179221,WHR,WHR_T02,4.1757195803370175,417.5719580337018,Closed,Generating,21.51
2025-04-13 00:12:11.179221,WHR,WHR_T03,6.435095600447596,643.5095600447596,Closed,Generating,9.96
2025-04-13 00:12:11.179221,WHR,WHR_T04,11.380696972681891,1138.0696972681892,Closed,Generating,16.71
2025-04-13 00:12:11.179221,WHR,WHR_T05,9.67784116976151,967.784116976151,Closed,Generating,17.14
2025-04-13 00:12:11.179221,FOS,FOS_T01,7.710752249320594,771.0752249320594,Closed,Generating,20.11
2025-04-13 00:12:11.179221,FOS,FOS_T02,8.272465211256266,827.2465211256266,Closed,Generating,25.83
2025-04-13 00:12:11.179221,FOS,FOS_T03,8.59078609108777,859.078609108777,Closed,Generating,18.62
2025-04-13 00:12:11.179221,FOS,FOS_T04,6.332962162319545,633.2962162319544,Closed,Warning,15.54
2025-04-13 00:12:11.179221,FOS,FOS_T05,5.923471498076211,592.347149807621,Closed,Generating,20.25
2025-04-13 00:42:11.179221,GEN,GEN_T01,7.222606500495235,722.2606500495235,Open,Env. Curtail,23.68
2025-04-13 00:42:11.179221,GEN,GEN_T02,7.012149000919357,701.2149000919356,Closed,Environment,21.77
2025-04-13 00:42:11.179221,GEN,GEN_T03,9.102824463965966,910.2824463965966,Closed,Generating,30.39
2025-04-13 00:42:11.179221,GEN,GEN_T04,7.633863380089006,763.3863380089007,Open,Generating,8.45
2025-04-13 00:42:11.179221,GEN,GEN_T05,6.1668202046698335,616.6820204669833,Closed,Generating,13.29
2025-04-13 00:42:11.179221,WHR,WHR_T01,6.958740691529147,695.8740691529148,Closed,Env. Curtail,14.36
2025-04-13 00:42:11.179221,WHR,WHR_T02,7.407971629403188,740.7971629403188,Closed,Generating,21.55
2025-04-13 00:42:11.179221,WHR,WHR_T03,7.588379404650784,758.8379404650784,Closed,Curtailed,16.07
2025-04-13 00:42:11.179221,WHR,WHR_T04,10.798196619174647,1079.8196619174646,Closed,Curtailed,16.92
2025-04-13 00:42:11.179221,WHR,WHR_T05,10.074756806672397,1007.4756806672397,Closed,Curtailed,18.18
2025-04-13 00:42:11.179221,FOS,FOS_T01,11.616523857298985,1161.6523857298985,Closed,Maintenance,22.59
2025-04-13 00:42:11.179221,FOS,FOS_T02,6.719713327804188,671.9713327804188,Closed,Curtailed,18.08
2025-04-13 00:42:11.179221,FOS,FOS_T03,5.310879654063806,531.0879654063806,Closed,Generating,16.57
2025-04-13 00:42:11.179221,FOS,FOS_T04,8.084266482734803,808.4266482734803,Closed,Generating,25.3
2025-04-13 00:42:11.179221,FOS,FOS_T05,10.392057390702679,1039.2057390702678,Closed,Ready,19.89
2025-04-13 01:12:11.179221,GEN,GEN_T01,8.321819475230942,832.1819475230942,Closed,Generating,32.89
2025-04-13 01:12:11.179221,GEN,GEN_T02,11.300273953631494,1130.0273953631495,Closed,Generating,14.19
2025-04-13 01:12:11.179221,GEN,GEN_T03,7.393471105350789,739.347110535079,Closed,Maintenance,13.56
2025-04-13 01:12:11.179221,GEN,GEN_T04,5.128942431954465,512.8942431954465,Closed,Generating,12.67
2025-04-13 01:12:11.179221,GEN,GEN_T05,5.894100713402827,589.4100713402827,Closed,Ready,11.22
2025-04-13 01:12:11.179221,WHR,WHR_T01,7.300776294661387,730.0776294661387,Closed,Faulted,15.82
2025-04-13 01:12:11.179221,WHR,WHR_T02,9.51674089571864,951.6740895718639,Closed,Generating,18.88
2025-04-13 01:12:11.179221,WHR,WHR_T03,4.61377118618338,461.377118618338,Closed,Generating,26.42
2025-04-13 01:12:11.179221,WHR,WHR_T04,7.510517676567204,751.0517676567204,Closed,Generating,29.29
2025-04-13 01:12:11.179221,WHR,WHR_T05,8.993322703529614,899.3322703529614,Closed,Faulted,21.36
2025-04-13 01:12:11.179221,FOS,FOS_T01,4.219443171279809,421.9443171279809,Closed,Generating,18.86
2025-04-13 01:12:11.179221,FOS,FOS_T02,6.21756034137452,621.756034137452,Closed,Generating,9.49
2025-04-13 01:12:11.179221,FOS,FOS_T03,3.229445571343639,322.9445571343639,Open,Ready,23.71
2025-04-13 01:12:11.179221,FOS,FOS_T04,9.162540629662486,916.2540629662485,Closed,Ready,21.68
2025-04-13 01:12:11.179221,FOS,FOS_T05,5.891411338976214,589.1411338976214,Closed,Generating,17.19
2025-04-13 01:42:11.179221,GEN,GEN_T01,9.414510955237516,941.4510955237515,Open,Generating,16.95
2025-04-13 01:42:11.179221,GEN,GEN_T02,7.394531679290472,739.4531679290471,Closed,Env. Curtail,19.07
2025-04-13 01:42:11.179221,GEN,GEN_T03,8.627216137222643,862.7216137222642,Closed,Generating,26.94
2025-04-13 01:42:11.179221,GEN,GEN_T04,9.156172574869636,915.6172574869636,Closed,Generating,22.69
2025-04-13 01:42:11.179221,GEN,GEN_T05,6.7655065140345405,676.550651403454,Closed,Maintenance,17.89
2025-04-13 01:42:11.179221,WHR,WHR_T01,6.073575976321013,607.3575976321014,Closed,Generating,23.56
2025-04-13 01:42:11.179221,WHR,WHR_T02,9.498525823069949,949.8525823069949,Closed,Curtailed,16.94
2025-04-13 01:42:11.179221,WHR,WHR_T03,8.070265353048953,807.0265353048953,Closed,Maintenance,17.95
2025-04-13 01:42:11.179221,WHR,WHR_T04,9.050587967771559,905.0587967771559,Open,Env. Curtail,26.03
2025-04-13 01:42:11.179221,WHR,WHR_T05,11.04295406155192,1104.295406155192,Closed,Generating,20.36
2025-04-13 01:42:11.179221,FOS,FOS_T01,13.901259622306226,1390.1259622306225,Closed,Generating,13.19
2025-04-13 01:42:11.179221,FOS,FOS_T02,5.672914394068182,567.2914394068182,Closed,Generating,22.44
2025-04-13 01:42:11.179221,FOS,FOS_T03,8.196910516444614,819.6910516444614,Closed,Generating,21.54
2025-04-13 01:42:11.179221,FOS,FOS_T04,7.761876640744443,776.1876640744443,Closed,Env. Curtail,19.83
2025-04-13 01:42:11.179221,FOS,FOS_T05,9.473604327449127,947.3604327449127,Closed,Generating,17.34
2025-04-13 02:12:11.179221,GEN,GEN_T01,10.226948656097441,1022.6948656097442,Closed,Env. Curtail,24.08
2025-04-13 02:12:11.179221,GEN,GEN_T02,7.1552089069681255,715.5208906968126,Closed,Generating,10.51
2025-04-13 02:12:11.179221,GEN,GEN_T03,6.846809836604293,684.6809836604293,Closed,Ready,27.78
2025-04-13 02:12:11.179221,GEN,GEN_T04,6.492427818110358,649.2427818110358,Closed,Ready,25.92
2025-04-13 02:12:11.179221,GEN,GEN_T05,12.445954612988267,1244.5954612988266,Closed,Generating,18.32
2025-04-13 02:12:11.179221,WHR,WHR_T01,10.515682750408168,1051.5682750408168,Closed,Generating,27.14
2025-04-13 02:12:11.179221,WHR,WHR_T02,5.7056013368005125,570.5601336800512,Closed,Generating,26.0
2025-04-13 02:12:11.179221,WHR,WHR_T03,8.415837420075178,841.5837420075178,Closed,Generating,18.49
2025-04-13 02:12:11.179221,WHR,WHR_T04,6.9465637861000635,694.6563786100063,Closed,Ready,15.73
2025-04-13 02:12:11.179221,WHR,WHR_T05,7.944527260475779,794.4527260475778,Closed,Ready,24.69
2025-04-13 02:12:11.179221,FOS,FOS_T01,5.669406707383213,566.9406707383213,Closed,Generating,27.73
2025-04-13 02:12:11.179221,FOS,FOS_T02,9.27025330365569,927.025330365569,Closed,Env. Curtail,18.27
2025-04-13 02:12:11.179221,FOS,FOS_T03,6.143600673052097,614.3600673052097,Closed,Ready,21.62
2025-04-13 02:12:11.179221,FOS,FOS_T04,7.2052101203001575,720.5210120300158,Closed,Warning,20.63
2025-04-13 02:12:11.179221,FOS,FOS_T05,10.959676132093328,1095.9676132093327,Closed,Ready,22.1
2025-04-13 02:42:11.179221,GEN,GEN_T01,7.7697911171211045,776.9791117121105,Closed,Ready,23.41
2025-04-13 02:42:11.179221,GEN,GEN_T02,8.562598759178174,856.2598759178175,Closed,No Comm,15.77
2025-04-13 02:42:11.179221,GEN,GEN_T03,7.270814292663894,727.0814292663894,Closed,Generating,18.47
2025-04-13 02:42:11.179221,GEN,GEN_T04,8.088752342740095,808.8752342740096,Closed,Unknown,24.09
2025-04-13 02:42:11.179221,GEN,GEN_T05,8.184535342757984,818.4535342757985,Closed,Generating,24.48
2025-04-13 02:42:11.179221,WHR,WHR_T01,6.38901452182481,638.901452182481,Closed,Generating,20.69
2025-04-13 02:42:11.179221,WHR,WHR_T02,11.454304951707037,1145.4304951707038,Closed,Generating,31.55
2025-04-13 02:42:11.179221,WHR,WHR_T03,6.079658909915676,607.9658909915677,Closed,Generating,22.3
2025-04-13 02:42:11.179221,WHR,WHR_T04,11.189207665724961,1118.9207665724962,Closed,Generating,15.59
2025-04-13 02:42:11.179221,WHR,WHR_T05,7.383695985891749,738.3695985891749,Closed,Env. Curtail,23.21
2025-04-13 02:42:11.179221,FOS,FOS_T01,7.558224823268729,755.8224823268729,Closed,Ready,18.43
2025-04-13 02:42:11.179221,FOS,FOS_T02,6.053127077991948,605.3127077991948,Closed,Generating,19.69
2025-04-13 02:42:11.179221,FOS,FOS_T03,11.278721389234775,1127.8721389234775,Closed,Generating,15.4
2025-04-13 02:42:11.179221,FOS,FOS_T04,6.43990736498937,643.990736498937,Closed,Generating,18.4
2025-04-13 02:42:11.179221,FOS,FOS_T05,8.044631860247911,804.4631860247911,Closed,Generating,23.62
2025-04-13 03:12:11.179221,GEN,GEN_T01,7.0346193937684225,703.4619393768422,Closed,Generating,16.0
2025-04-13 03:12:11.179221,GEN,GEN_T02,8.419919743476699,841.99197434767,Closed,Generating,24.83
2025-04-13 03:12:11.179221,GEN,GEN_T03,4.833484225071896,483.3484225071896,Closed,Generating,17.92
2025-04-13 03:12:11.179221,GEN,GEN_T04,6.23632918305901,623.6329183059011,Open,Ready,26.2
2025-04-13 03:12:11.179221,GEN,GEN_T05,9.574938652536737,957.4938652536737,Closed,Generating,24.56
2025-04-13 03:12:11.179221,WHR,WHR_T01,7.6711189835709455,767.1118983570946,Open,Generating,22.33
2025-04-13 03:12:11.179221,WHR,WHR_T02,5.83378470540848,583.378470540848,Closed,Generating,18.14
2025-04-13 03:12:11.179221,WHR,WHR_T03,8.816512831412032,881.6512831412032,Open,Generating,19.75
2025-04-13 03:12:11.179221,WHR,WHR_T04,12.180927974095653,1218.0927974095653,Closed,Env. Curtail,24.14
2025-04-13 03:12:11.179221,WHR,WHR_T05,7.572550647859048,757.2550647859048,Closed,Generating,18.87
2025-04-13 03:12:11.179221,FOS,FOS_T01,9.02679189636282,902.679189636282,Closed,Generating,15.86
2025-04-13 03:12:11.179221,FOS,FOS_T02,8.294375298351227,829.4375298351226,Closed,Ready,22.18
2025-04-13 03:12:11.179221,FOS,FOS_T03,6.765250733524752,676.5250733524751,Closed,Generating,18.96
2025-04-13 03:12:11.179221,FOS,FOS_T04,6.837076753298832,683.7076753298832,Closed,Faulted,22.15
2025-04-13 03:12:11.179221,FOS,FOS_T05,5.621841881113877,562.1841881113877,Open,Generating,21.93
2025-04-13 03:42:11.179221,GEN,GEN_T01,9.126501990402579,912.6501990402579,Closed,Generating,16.71
2025-04-13 03:42:11.179221,GEN,GEN_T02,7.969325821719366,796.9325821719366,Closed,Unknown,19.89
2025-04-13 03:42:11.179221,GEN,GEN_T03,8.109812428824728,810.9812428824729,Closed,Generating,17.45
2025-04-13 03:42:11.179221,GEN,GEN_T04,8.466556243370102,846.6556243370102,Closed,Ready,20.18
2025-04-13 03:42:11.179221,GEN,GEN_T05,6.997636708039768,699.7636708039768,Closed,Generating,25.02
2025-04-13 03:42:11.179221,WHR,WHR_T01,12.40605279666186,1240.605279666186,Open,Generating,18.4
2025-04-13 03:42:11.179221,WHR,WHR_T02,9.55098470556019,955.0984705560189,Closed,Generating,15.36
2025-04-13 03:42:11.179221,WHR,WHR_T03,8.0016026848956,800.1602684895599,Open,Warning,18.86
2025-04-13 03:42:11.179221,WHR,WHR_T04,9.913409974435416,991.3409974435416,Closed,Curtailed,21.11
2025-04-13 03:42:11.179221,WHR,WHR_T05,9.345908992915403,934.5908992915403,Closed,Generating,17.84
2025-04-13 03:42:11.179221,FOS,FOS_T01,9.293090899239687,929.3090899239687,Open,Generating,17.49
2025-04-13 03:42:11.179221,FOS,FOS_T02,10.349460551646526,1034.9460551646525,Closed,Generating,12.21
2025-04-13 03:42:11.179221,FOS,FOS_T03,7.209042391364131,720.904239136413,Closed,Env. Curtail,15.93
2025-04-13 03:42:11.179221,FOS,FOS_T04,8.49274935803018,849.2749358030179,Closed,Maintenance,13.23
2025-04-13 03:42:11.179221,FOS,FOS_T05,6.148292888538753,614.8292888538754,Closed,Generating,14.12
2025-04-13 04:12:11.179221,GEN,GEN_T01,5.7840373101756715,578.4037310175671,Closed,Generating,21.04
2025-04-13 04:12:11.179221,GEN,GEN_T02,8.598964220733672,859.8964220733671,Closed,Generating,22.72
2025-04-13 04:12:11.179221,GEN,GEN_T03,7.380321235123956,738.0321235123956,Closed,Generating,16.67
2025-04-13 04:12:11.179221,GEN,GEN_T04,7.027668845296314,702.7668845296314,Open,Generating,23.7
2025-04-13 04:12:11.179221,GEN,GEN_T05,3.160314197950436,316.03141979504363,Open,Environment,23.15
2025-04-13 04:12:11.179221,WHR,WHR_T01,8.290938149911897,829.0938149911897,Closed,Generating,11.94
2025-04-13 04:12:11.179221,WHR,WHR_T02,8.747594188989725,874.7594188989725,Closed,Maintenance,14.93
2025-04-13 04:12:11.179221,WHR,WHR_T03,7.842012603312231,784.2012603312231,Closed,Ready,25.68
2025-04-13 04:12:11.179221,WHR,WHR_T04,6.688681073136462,668.8681073136462,Open,Faulted,15.97
2025-04-13 04:12:11.179221,WHR,WHR_T05,8.081898667951393,808.1898667951393,Closed,Warning,19.61
2025-04-13 04:12:11.179221,FOS,FOS_T01,8.048310533561727,804.8310533561727,Closed,Warning,22.5
2025-04-13 04:12:11.179221,FOS,FOS_T02,6.227992341462899,622.7992341462899,Closed,Generating,20.59
2025-04-13 04:12:11.179221,FOS,FOS_T03,9.110830318787059,911.0830318787059,Closed,Warning,19.31
2025-04-13 04:12:11.179221,FOS,FOS_T04,7.704200886981316,770.4200886981316,Closed,Generating,20.46
2025-04-13 04:12:11.179221,FOS,FOS_T05,7.694327230280646,769.4327230280645,Closed,Generating,21.35
2025-04-13 04:42:11.179221,GEN,GEN_T01,11.30831729956487,1130.831729956487,Closed,Generating,17.64
2025-04-13 04:42:11.179221,GEN,GEN_T02,8.458977908853761,845.8977908853761,Closed,Generating,21.87
2025-04-13 04:42:11.179221,GEN,GEN_T03,8.398031832796057,839.8031832796057,Closed,Curtailed,18.48
2025-04-13 04:42:11.179221,GEN,GEN_T04,8.586190547912066,858.6190547912066,Closed,Generating,15.38
2025-04-13 04:42:11.179221,GEN,GEN_T05,9.304595642096427,930.4595642096426,Closed,Ready,13.61
2025-04-13 04:42:11.179221,WHR,WHR_T01,6.655192631548423,665.5192631548423,Closed,Generating,15.61
2025-04-13 04:42:11.179221,WHR,WHR_T02,6.9328995036007965,693.2899503600796,Open,Ready,12.32
2025-04-13 04:42:11.179221,WHR,WHR_T03,8.629979214546795,862.9979214546795,Closed,Generating,18.03
2025-04-13 04:42:11.179221,WHR,WHR_T04,7.012923316752025,701.2923316752025,Closed,Generating,25.46
2025-04-13 04:42:11.179221,WHR,WHR_T05,8.834080557081466,883.4080557081465,Closed,Ready,24.01
2025-04-13 04:42:11.179221,FOS,FOS_T01,10.209914279642328,1020.9914279642328,Closed,Generating,13.03
2025-04-13 04:42:11.179221,FOS,FOS_T02,10.806700877639246,1080.6700877639246,Closed,Generating,24.18
2025-04-13 04:42:11.179221,FOS,FOS_T03,7.783396451666419,778.3396451666418,Closed,Generating,27.24
2025-04-13 04:42:11.179221,FOS,FOS_T04,7.415919337836753,741.5919337836752,Closed,Generating,9.39
2025-04-13 04:42:11.179221,FOS,FOS_T05,9.281597040119099,928.1597040119099,Open,Generating,20.58
2025-04-13 05:12:11.179221,GEN,GEN_T01,7.818457851663545,781.8457851663544,Closed,Ready,20.47
2025-04-13 05:12:11.179221,GEN,GEN_T02,9.204683530094558,920.4683530094558,Closed,Curtailed,10.6
2025-04-13 05:12:11.179221,GEN,GEN_T03,9.307783257695004,930.7783257695004,Closed,Maintenance,21.65
2025-04-13 05:12:11.179221,GEN,GEN_T04,5.36310785234792,536.310785234792,Closed,Ready,18.41
2025-04-13 05:12:11.179221,GEN,GEN_T05,5.846167793781221,584.616779378122,Closed,Generating,15.96
2025-04-13 05:12:11.179221,WHR,WHR_T01,6.669023047012055,666.9023047012055,Closed,Generating,19.28
2025-04-13 05:12:11.179221,WHR,WHR_T02,13.275110949460608,1327.5110949460607,Closed,Generating,24.99
2025-04-13 05:12:11.179221,WHR,WHR_T03,5.909574115240967,590.9574115240968,Open,Generating,17.21
2025-04-13 05:12:11.179221,WHR,WHR_T04,4.072034063451316,407.20340634513155,Closed,Ready,17.21
2025-04-13 05:12:11.179221,WHR,WHR_T05,9.03356425795904,903.3564257959039,Closed,Curtailed,22.81
2025-04-13 05:12:11.179221,FOS,FOS_T01,11.763862733296996,1176.3862733296996,Closed,Generating,18.19
2025-04-13 05:12:11.179221,FOS,FOS_T02,6.641413272623062,664.1413272623062,Closed,Generating,18.68
2025-04-13 05:12:11.179221,FOS,FOS_T03,7.702358713204952,770.2358713204952,Closed,Warning,25.07
2025-04-13 05:12:11.179221,FOS,FOS_T04,7.371507839939476,737.1507839939476,Closed,Generating,18.2
2025-04-13 05:12:11.179221,FOS,FOS_T05,7.839497994638991,783.9497994638991,Closed,Generating,22.41
2025-04-13 05:42:11.179221,GEN,GEN_T01,7.029127835035013,702.9127835035013,Closed,Faulted,26.83
2025-04-13 05:42:11.179221,GEN,GEN_T02,6.57741814971261,657.741814971261,Closed,Generating,20.02
2025-04-13 05:42:11.179221,GEN,GEN_T03,4.239563001171712,423.9563001171712,Closed,Ready,17.46
2025-04-13 05:42:11.179221,GEN,GEN_T04,6.610013437319853,661.0013437319852,Closed,Generating,14.49
2025-04-13 05:42:11.179221,GEN,GEN_T05,7.724492145028229,772.4492145028229,Closed,Generating,23.74
2025-04-13 05:42:11.179221,WHR,WHR_T01,8.686203274087108,868.6203274087108,Closed,Env. Curtail,18.83
2025-04-13 05:42:11.179221,WHR,WHR_T02,7.689161078560748,768.9161078560747,Closed,Generating,19.84
2025-04-13 05:42:11.179221,WHR,WHR_T03,14.26405011256145,1426.405011256145,Closed,Env. Curtail,24.52
2025-04-13 05:42:11.179221,WHR,WHR_T04,5.191603578006669,519.1603578006669,Closed,No Comm,22.03
2025-04-13 05:42:11.179221,WHR,WHR_T05,9.817342107803011,981.734210780301,Closed,Env. Curtail,24.52
2025-04-13 05:42:11.179221,FOS,FOS_T01,10.193339650401807,1019.3339650401807,Closed,Generating,18.99
2025-04-13 05:42:11.179221,FOS,FOS_T02,8.191353785955164,819.1353785955164,Closed,Generating,20.59
2025-04-13 05:42:11.179221,FOS,FOS_T03,7.330418111624083,733.0418111624083,Closed,Generating,21.28
2025-04-13 05:42:11.179221,FOS,FOS_T04,12.653216230148377,1265.3216230148378,Closed,Generating,10.56
2025-04-13 05:42:11.179221,FOS,FOS_T05,7.362334331714763,736.2334331714762,Closed,Ready,20.56
2025-04-13 06:12:11.179221,GEN,GEN_T01,6.417857749566458,641.7857749566458,Closed,Unknown,24.15
2025-04-13 06:12:11.179221,GEN,GEN_T02,6.028119106929731,602.8119106929731,Closed,Curtailed,18.99
2025-04-13 06:12:11.179221,GEN,GEN_T03,9.533562629626733,953.3562629626733,Closed,Generating,22.17
2025-04-13 06:12:11.179221,GEN,GEN_T04,9.125475529671982,912.5475529671983,Closed,Generating,20.62
2025-04-13 06:12:11.179221,GEN,GEN_T05,7.744750952031901,774.4750952031901,Closed,Generating,22.2
2025-04-13 06:12:11.179221,WHR,WHR_T01,10.140518047723981,1014.0518047723981,Open,Generating,18.59
2025-04-13 06:12:11.179221,WHR,WHR_T02,5.661957871473879,566.1957871473879,Closed,Maintenance,15.35
2025-04-13 06:12:11.179221,WHR,WHR_T03,8.643238969470184,864.3238969470184,Closed,Generating,21.63
2025-04-13 06:12:11.179221,WHR,WHR_T04,9.286289556988113,928.6289556988113,Closed,Generating,19.74
2025-04-13 06:12:11.179221,WHR,WHR_T05,5.725759777555605,572.5759777555605,Closed,Curtailed,15.79
2025-04-13 06:12:11.179221,FOS,FOS_T01,9.228684635231335,922.8684635231335,Closed,No Comm,20.03
2025-04-13 06:12:11.179221,FOS,FOS_T02,7.576635774178131,757.6635774178131,Closed,Ready,9.28
2025-04-13 06:12:11.179221,FOS,FOS_T03,7.460270254860914,746.0270254860914,Closed,Generating,18.01
2025-04-13 06:12:11.179221,FOS,FOS_T04,6.5700871709385344,657.0087170938534,Closed,Curtailed,20.19
2025-04-13 06:12:11.179221,FOS,FOS_T05,10.434939116723642,1043.4939116723642,Closed,Generating,14.16
2025-04-13 06:42:11.179221,GEN,GEN_T01,6.422442125540053,642.2442125540053,Closed,Generating,21.7
2025-04-13 06:42:11.179221,GEN,GEN_T02,7.4040409573669494,740.4040957366949,Closed,Generating,14.74
2025-04-13 06:42:11.179221,GEN,GEN_T03,8.774476956658186,877.4476956658185,Closed,Env. Curtail,17.42
2025-04-13 06:42:11.179221,GEN,GEN_T04,8.181292207941846,818.1292207941846,Closed,Warning,22.71
2025-04-13 06:42:11.179221,GEN,GEN_T05,8.212420077933622,821.2420077933622,Closed,Unknown,13.99
2025-04-13 06:42:11.179221,WHR,WHR_T01,8.846906373900763,884.6906373900763,Closed,Environment,25.26
2025-04-13 06:42:11.179221,WHR,WHR_T02,9.928353433767139,992.8353433767139,Closed,Warning,21.91
2025-04-13 06:42:11.179221,WHR,WHR_T03,4.994615768612618,499.46157686126173,Closed,Generating,19.42
2025-04-13 06:42:11.179221,WHR,WHR_T04,8.485996135217421,848.5996135217422,Closed,Ready,16.97
2025-04-13 06:42:11.179221,WHR,WHR_T05,6.667986893205599,666.7986893205599,Closed,Generating,18.55
2025-04-13 06:42:11.179221,FOS,FOS_T01,9.59836278665195,959.8362786651951,Closed,Generating,17.43
2025-04-13 06:42:11.179221,FOS,FOS_T02,9.437912647458772,943.7912647458771,Closed,Ready,24.16
2025-04-13 06:42:11.179221,FOS,FOS_T03,5.8255300609617935,582.5530060961794,Closed,Generating,17.21
2025-04-13 06:42:11.179221,FOS,FOS_T04,7.908849476928045,790.8849476928044,Closed,Ready,20.97
2025-04-13 06:42:11.179221,FOS,FOS_T05,9.774754324007754,977.4754324007754,Closed,Generating,17.62
2025-04-13 07:12:11.179221,GEN,GEN_T01,8.264020733168092,826.4020733168092,Closed,Generating,16.52
2025-04-13 07:12:11.179221,GEN,GEN_T02,5.632492630699419,563.2492630699419,Closed,Generating,25.96
2025-04-13 07:12:11.179221,GEN,GEN_T03,7.4918910188196906,749.189101881969,Open,Generating,19.2
2025-04-13 07:12:11.179221,GEN,GEN_T04,8.406810178648268,840.6810178648268,Closed,Curtailed,12.61
2025-04-13 07:12:11.179221,GEN,GEN_T05,10.352265612039071,1035.226561203907,Closed,Generating,22.33
2025-04-13 07:12:11.179221,WHR,WHR_T01,4.467254442962689,446.7254442962689,Closed,Generating,22.17
2025-04-13 07:12:11.179221,WHR,WHR_T02,3.56037614654809,356.037614654809,Closed,Faulted,24.36
2025-04-13 07:12:11.179221,WHR,WHR_T03,11.57375079203884,1157.375079203884,Closed,Ready,8.22
2025-04-13 07:12:11.179221,WHR,WHR_T04,8.890944078700928,889.0944078700928,Closed,Generating,24.43
2025-04-13 07:12:11.179221,WHR,WHR_T05,8.476558979535067,847.6558979535067,Closed,Curtailed,18.29
2025-04-13 07:12:11.179221,FOS,FOS_T01,8.737028366511588,873.7028366511588,Closed,Ready,9.65
2025-04-13 07:12:11.179221,FOS,FOS_T02,7.654139567139352,765.4139567139352,Closed,Generating,26.75
2025-04-13 07:12:11.179221,FOS,FOS_T03,10.531504763995084,1053.1504763995083,Open,Generating,14.12
2025-04-13 07:12:11.179221,FOS,FOS_T04,7.4769371242058895,747.693712420589,Closed,Generating,30.5
2025-04-13 07:12:11.179221,FOS,FOS_T05,11.01511543327269,1101.511543327269,Closed,Generating,13.69
2025-04-13 07:42:11.179221,GEN,GEN_T01,6.553319629332598,655.3319629332598,Closed,Curtailed,25.04
2025-04-13 07:42:11.179221,GEN,GEN_T02,6.3870361834371785,638.7036183437178,Open,Generating,18.75
2025-04-13 07:42:11.179221,GEN,GEN_T03,5.596589859119664,559.6589859119664,Closed,Maintenance,25.56
2025-04-13 07:42:11.179221,GEN,GEN_T04,4.051442577022444,405.1442577022444,Closed,Faulted,18.19
2025-04-13 07:42:11.179221,GEN,GEN_T05,4.784494953023975,478.4494953023975,Closed,Maintenance,11.02
2025-04-13 07:42:11.179221,WHR,WHR_T01,9.809874074394497,980.9874074394496,Open,Maintenance,22.61
2025-04-13 07:42:11.179221,WHR,WHR_T02,6.526807413372293,652.6807413372293,Open,Generating,12.73
2025-04-13 07:42:11.179221,WHR,WHR_T03,9.407141291129737,940.7141291129736,Closed,Generating,21.62
2025-04-13 07:42:11.179221,WHR,WHR_T04,10.796541002048725,1079.6541002048725,Open,Generating,22.97
2025-04-13 07:42:11.179221,WHR,WHR_T05,9.699931611342189,969.9931611342189,Closed,Generating,31.56
2025-04-13 07:42:11.179221,FOS,FOS_T01,8.11445459194226,811.445459194226,Closed,Generating,11.94
2025-04-13 07:42:11.179221,FOS,FOS_T02,5.768943359641001,576.8943359641,Open,Generating,22.11
2025-04-13 07:42:11.179221,FOS,FOS_T03,10.55192235456824,1055.1922354568242,Closed,Maintenance,16.93
2025-04-13 07:42:11.179221,FOS,FOS_T04,11.407927597020635,1140.7927597020634,Closed,Maintenance,20.31
2025-04-13 07:42:11.179221,FOS,FOS_T05,9.95082984459062,995.082984459062,Closed,Generating,11.58
2025-04-13 08:12:11.179221,GEN,GEN_T01,8.689554942686607,868.9554942686607,Closed,Generating,19.1
2025-04-13 08:12:11.179221,GEN,GEN_T02,7.403893259625726,740.3893259625727,Closed,Generating,12.91
2025-04-13 08:12:11.179221,GEN,GEN_T03,4.584871014448785,458.4871014448785,Closed,Generating,19.34
2025-04-13 08:12:11.179221,GEN,GEN_T04,9.985949978856828,998.5949978856828,Closed,Unknown,25.4
2025-04-13 08:12:11.179221,GEN,GEN_T05,8.058361479862914,805.8361479862914,Open,Generating,25.64
2025-04-13 08:12:11.179221,WHR,WHR_T01,7.736335866241491,773.6335866241492,Closed,Generating,21.79
2025-04-13 08:12:11.179221,WHR,WHR_T02,9.544204757923762,954.4204757923761,Closed,No Comm,26.44
2025-04-13 08:12:11.179221,WHR,WHR_T03,3.6104431177048903,361.04431177048906,Closed,Generating,18.62
2025-04-13 08:12:11.179221,WHR,WHR_T04,10.046536089019288,1004.6536089019288,Closed,Maintenance,12.99
2025-04-13 08:12:11.179221,WHR,WHR_T05,8.480040291645789,848.0040291645789,Closed,Generating,22.06
2025-04-13 08:12:11.179221,FOS,FOS_T01,6.598185733983852,659.8185733983852,Closed,Generating,21.16
2025-04-13 08:12:11.179221,FOS,FOS_T02,9.157956973288142,915.7956973288142,Closed,Generating,7.73
2025-04-13 08:12:11.179221,FOS,FOS_T03,7.3945295091609164,739.4529509160916,Closed,Generating,17.0
2025-04-13 08:12:11.179221,FOS,FOS_T04,6.1584333961036695,615.8433396103669,Closed,Generating,18.23
2025-04-13 08:12:11.179221,FOS,FOS_T05,7.630963546471125,763.0963546471124,Closed,Generating,23.91
2025-04-13 08:42:11.179221,GEN,GEN_T01,9.841667254348954,984.1667254348954,Closed,Generating,11.06
2025-04-13 08:42:11.179221,GEN,GEN_T02,7.846131085921496,784.6131085921496,Closed,Generating,23.56
2025-04-13 08:42:11.179221,GEN,GEN_T03,6.226924627758729,622.6924627758729,Closed,Generating,21.67
2025-04-13 08:42:11.179221,GEN,GEN_T04,8.660859848985975,866.0859848985975,Closed,Generating,20.49
2025-04-13 08:42:11.179221,GEN,GEN_T05,8.18213527287522,818.213527287522,Closed,Generating,24.1
2025-04-13 08:42:11.179221,WHR,WHR_T01,9.435308813893421,943.5308813893421,Closed,Env. Curtail,17.68
2025-04-13 08:42:11.179221,WHR,WHR_T02,6.967057043098518,696.7057043098519,Closed,Generating,22.99
2025-04-13 08:42:11.179221,WHR,WHR_T03,7.184623782168928,718.4623782168928,Closed,Faulted,18.41
2025-04-13 08:42:11.179221,WHR,WHR_T04,8.704060898510193,870.4060898510193,Closed,Maintenance,15.82
2025-04-13 08:42:11.179221,WHR,WHR_T05,6.829929585523678,682.9929585523678,Closed,No Comm,10.83
2025-04-13 08:42:11.179221,FOS,FOS_T01,8.374233467288967,837.4233467288967,Closed,Generating,25.97
2025-04-13 08:42:11.179221,FOS,FOS_T02,12.793717525679515,1279.3717525679515,Closed,Generating,19.01
2025-04-13 08:42:11.179221,FOS,FOS_T03,6.165296440316677,616.5296440316677,Closed,Generating,18.22
2025-04-13 08:42:11.179221,FOS,FOS_T04,9.115942341145292,911.5942341145292,Closed,Generating,18.89
2025-04-13 08:42:11.179221,FOS,FOS_T05,10.467795119420789,1046.779511942079,Closed,Generating,30.78
2025-04-13 09:12:11.179221,GEN,GEN_T01,5.186004105429092,518.6004105429092,Closed,Generating,19.54
2025-04-13 09:12:11.179221,GEN,GEN_T02,11.312691996439295,1131.2691996439294,Closed,Generating,22.88
2025-04-13 09:12:11.179221,GEN,GEN_T03,10.438267331387816,1043.8267331387817,Open,Curtailed,31.8
2025-04-13 09:12:11.179221,GEN,GEN_T04,6.893852968624012,689.3852968624012,Closed,Generating,17.05
2025-04-13 09:12:11.179221,GEN,GEN_T05,9.193550820992638,919.3550820992638,Closed,Generating,20.39
2025-04-13 09:12:11.179221,WHR,WHR_T01,9.16321352396561,916.321352396561,Closed,Ready,13.24
2025-04-13 09:12:11.179221,WHR,WHR_T02,7.365012361056305,736.5012361056305,Closed,Curtailed,29.46
2025-04-13 09:12:11.179221,WHR,WHR_T03,7.48822981622295,748.8229816222951,Closed,Generating,17.35
2025-04-13 09:12:11.179221,WHR,WHR_T04,6.395902924867473,639.5902924867473,Closed,Faulted,19.85
2025-04-13 09:12:11.179221,WHR,WHR_T05,3.470741138845306,347.0741138845306,Closed,Generating,22.66
2025-04-13 09:12:11.179221,FOS,FOS_T01,8.558377216099013,855.8377216099012,Closed,Generating,27.97
2025-04-13 09:12:11.179221,FOS,FOS_T02,6.580457400240161,658.0457400240161,Open,Generating,16.67
2025-04-13 09:12:11.179221,FOS,FOS_T03,9.065457671604369,906.5457671604369,Open,Generating,14.56
2025-04-13 09:12:11.179221,FOS,FOS_T04,5.9247573398426905,592.475733984269,Closed,Generating,26.08
2025-04-13 09:12:11.179221,FOS,FOS_T05,8.633866506330065,863.3866506330065,Closed,Generating,12.01
2025-04-13 09:42:11.179221,GEN,GEN_T01,6.400500496744436,640.0500496744436,Closed,Generating,14.06
2025-04-13 09:42:11.179221,GEN,GEN_T02,8.256771736607607,825.6771736607608,Closed,Generating,10.95
2025-04-13 09:42:11.179221,GEN,GEN_T03,7.072709887477554,707.2709887477554,Closed,Warning,21.11
2025-04-13 09:42:11.179221,GEN,GEN_T04,9.27840108037336,927.840108037336,Closed,Generating,19.04
2025-04-13 09:42:11.179221,GEN,GEN_T05,8.662022266920829,866.2022266920828,Closed,Maintenance,23.28
2025-04-13 09:42:11.179221,WHR,WHR_T01,7.259453360366873,725.9453360366873,Closed,Faulted,17.05
2025-04-13 09:42:11.179221,WHR,WHR_T02,6.686100952196268,668.6100952196268,Closed,Ready,24.13
2025-04-13 09:42:11.179221,WHR,WHR_T03,8.659745880095743,865.9745880095743,Closed,Generating,29.36
2025-04-13 09:42:11.179221,WHR,WHR_T04,9.745595034363594,974.5595034363595,Closed,Generating,14.75
2025-04-13 09:42:11.179221,WHR,WHR_T05,8.744844968752787,874.4844968752786,Closed,Warning,15.66
2025-04-13 09:42:11.179221,FOS,FOS_T01,9.472847740603058,947.2847740603058,Closed,Generating,23.61
2025-04-13 09:42:11.179221,FOS,FOS_T02,6.857084652066728,685.7084652066728,Closed,Generating,22.71
2025-04-13 09:42:11.179221,FOS,FOS_T03,15.147334850292008,1500.0,Closed,Curtailed,21.43
2025-04-13 09:42:11.179221,FOS,FOS_T04,2.87380610294297,287.38061029429696,Closed,Ready,26.51
2025-04-13 09:42:11.179221,FOS,FOS_T05,8.37488737977213,837.488737977213,Closed,Generating,22.06
2025-04-13 10:12:11.179221,GEN,GEN_T01,6.536407653293827,653.6407653293827,Closed,Generating,24.42
2025-04-13 10:12:11.179221,GEN,GEN_T02,7.634832005316148,763.4832005316148,Closed,Generating,18.0
2025-04-13 10:12:11.179221,GEN,GEN_T03,9.451816966113569,945.1816966113569,Open,Curtailed,15.79
2025-04-13 10:12:11.179221,GEN,GEN_T04,8.25999594338033,825.999594338033,Closed,Generating,6.14
2025-04-13 10:12:11.179221,GEN,GEN_T05,6.687662184023787,668.7662184023787,Closed,Generating,19.36
2025-04-13 10:12:11.179221,WHR,WHR_T01,6.07264254690576,607.264254690576,Closed,Generating,20.12
2025-04-13 10:12:11.179221,WHR,WHR_T02,8.697984077912947,869.7984077912947,Closed,Generating,21.22
2025-04-13 10:12:11.179221,WHR,WHR_T03,9.30663884264577,930.663884264577,Closed,Generating,14.12
2025-04-13 10:12:11.179221,WHR,WHR_T04,11.034563526514642,1103.4563526514642,Closed,Unknown,20.64
2025-04-13 10:12:11.179221,WHR,WHR_T05,9.331795803003196,933.1795803003196,Closed,Generating,22.29
2025-04-13 10:12:11.179221,FOS,FOS_T01,7.0962958853221965,709.6295885322196,Closed,Ready,24.85
2025-04-13 10:12:11.179221,FOS,FOS_T02,5.473041421225396,547.3041421225396,Open,Ready,17.95
2025-04-13 10:12:11.179221,FOS,FOS_T03,6.077283757488074,607.7283757488074,Closed,Ready,11.81
2025-04-13 10:12:11.179221,FOS,FOS_T04,7.593311522948373,759.3311522948374,Closed,Warning,15.31
2025-04-13 10:12:11.179221,FOS,FOS_T05,7.471689027135035,747.1689027135035,Closed,Maintenance,22.03
2025-04-13 10:42:11.179221,GEN,GEN_T01,5.185931897214689,518.5931897214689,Closed,Faulted,14.23
2025-04-13 10:42:11.179221,GEN,GEN_T02,6.31596968999656,631.596968999656,Closed,Faulted,21.61
2025-04-13 10:42:11.179221,GEN,GEN_T03,11.133217140650784,1113.3217140650784,Closed,No Comm,15.2
2025-04-13 10:42:11.179221,GEN,GEN_T04,7.1653271917073305,716.532719170733,Closed,Maintenance,21.47
2025-04-13 10:42:11.179221,GEN,GEN_T05,4.1924836305475335,419.2483630547533,Closed,Unknown,22.56
2025-04-13 10:42:11.179221,WHR,WHR_T01,14.104308195949127,1410.4308195949127,Closed,Generating,14.55
2025-04-13 10:42:11.179221,WHR,WHR_T02,4.8832468400289,488.32468400289,Closed,Generating,12.45
2025-04-13 10:42:11.179221,WHR,WHR_T03,6.894785208179879,689.4785208179879,Closed,Generating,25.05
2025-04-13 10:42:11.179221,WHR,WHR_T04,9.029708640606213,902.9708640606212,Closed,Generating,20.72
2025-04-13 10:42:11.179221,WHR,WHR_T05,6.922673245188998,692.2673245188997,Closed,Unknown,25.47
2025-04-13 10:42:11.179221,FOS,FOS_T01,8.278942047733175,827.8942047733175,Closed,Generating,22.23
2025-04-13 10:42:11.179221,FOS,FOS_T02,8.727727942651034,872.7727942651035,Closed,Generating,21.93
2025-04-13 10:42:11.179221,FOS,FOS_T03,10.925812909025916,1092.5812909025917,Closed,Curtailed,27.61
2025-04-13 10:42:11.179221,FOS,FOS_T04,8.667159081029574,866.7159081029574,Closed,Generating,27.85
2025-04-13 10:42:11.179221,FOS,FOS_T05,9.476656459130986,947.6656459130986,Open,Warning,18.74
2025-04-13 11:12:11.179221,GEN,GEN_T01,9.498358779186157,949.8358779186157,Closed,Generating,16.6
2025-04-13 11:12:11.179221,GEN,GEN_T02,-0.26569160562866934,0.0,Closed,Generating,12.1
2025-04-13 11:12:11.179221,GEN,GEN_T03,10.775632813261481,1077.5632813261482,Closed,Generating,25.23
2025-04-13 11:12:11.179221,GEN,GEN_T04,8.43096712126093,843.0967121260929,Closed,Generating,19.2
2025-04-13 11:12:11.179221,GEN,GEN_T05,2.5087798877758107,250.87798877758107,Closed,Generating,22.96
2025-04-13 11:12:11.179221,WHR,WHR_T01,5.4625495838876486,546.2549583887649,Closed,Maintenance,24.0
2025-04-13 11:12:11.179221,WHR,WHR_T02,10.481680875190559,1048.168087519056,Closed,Generating,15.4
2025-04-13 11:12:11.179221,WHR,WHR_T03,11.207131489892651,1120.7131489892652,Closed,Warning,17.2
2025-04-13 11:12:11.179221,WHR,WHR_T04,9.34841840620065,934.8418406200651,Closed,Generating,18.49
2025-04-13 11:12:11.179221,WHR,WHR_T05,6.113938663489103,611.3938663489103,Closed,Unknown,23.76
2025-04-13 11:12:11.179221,FOS,FOS_T01,4.456592221938935,445.6592221938935,Closed,Faulted,12.23
2025-04-13 11:12:11.179221,FOS,FOS_T02,9.048767629467587,904.8767629467587,Closed,Generating,10.55
2025-04-13 11:12:11.179221,FOS,FOS_T03,12.061798739883766,1206.1798739883766,Closed,Generating,22.54
2025-04-13 11:12:11.179221,FOS,FOS_T04,9.315991572280524,931.5991572280524,Closed,Ready,21.39
2025-04-13 11:12:11.179221,FOS,FOS_T05,10.26580989747546,1026.580989747546,Closed,Generating,20.6
2025-04-13 11:42:11.179221,GEN,GEN_T01,12.63870931563326,1263.870931563326,Closed,Generating,24.52
2025-04-13 11:42:11.179221,GEN,GEN_T02,3.974498634285509,397.4498634285509,Closed,Generating,20.1
2025-04-13 11:42:11.179221,GEN,GEN_T03,8.597968896986002,859.7968896986001,Closed,Unknown,27.15
2025-04-13 11:42:11.179221,GEN,GEN_T04,6.151658383707771,615.1658383707771,Closed,No Comm,22.78
2025-04-13 11:42:11.179221,GEN,GEN_T05,8.419779724444583,841.9779724444583,Open,Env. Curtail,15.63
2025-04-13 11:42:11.179221,WHR,WHR_T01,9.505966440337565,950.5966440337564,Closed,Generating,27.5
2025-04-13 11:42:11.179221,WHR,WHR_T02,7.290151372211027,729.0151372211027,Closed,Generating,16.24
2025-04-13 11:42:11.179221,WHR,WHR_T03,7.170007852939895,717.0007852939895,Closed,Generating,17.24
2025-04-13 11:42:11.179221,WHR,WHR_T04,6.874791711545378,687.4791711545379,Closed,Generating,15.68
2025-04-13 11:42:11.179221,WHR,WHR_T05,11.447903021287194,1144.7903021287195,Closed,Warning,25.83
2025-04-13 11:42:11.179221,FOS,FOS_T01,9.641519226098094,964.1519226098094,Closed,Generating,30.02
2025-04-13 11:42:11.179221,FOS,FOS_T02,6.494798911814458,649.4798911814459,Closed,Generating,28.25
2025-04-13 11:42:11.179221,FOS,FOS_T03,7.8595388664008485,785.9538866400849,Closed,Curtailed,22.65
2025-04-13 11:42:11.179221,FOS,FOS_T04,12.039606593422963,1203.9606593422964,Closed,Generating,8.98
2025-04-13 11:42:11.179221,FOS,FOS_T05,10.683327987024544,1068.3327987024545,Closed,Generating,20.04
2025-04-13 12:12:11.179221,GEN,GEN_T01,10.614611485731489,1061.4611485731489,Closed,Environment,19.63
2025-04-13 12:12:11.179221,GEN,GEN_T02,9.327823491509422,932.7823491509422,Closed,Maintenance,26.6
2025-04-13 12:12:11.179221,GEN,GEN_T03,7.204098987089255,720.4098987089255,Closed,Generating,21.89
2025-04-13 12:12:11.179221,GEN,GEN_T04,6.944417446702791,694.441744670279,Closed,Faulted,16.33
2025-04-13 12:12:11.179221,GEN,GEN_T05,8.164271666431011,816.4271666431011,Closed,Maintenance,19.33
2025-04-13 12:12:11.179221,WHR,WHR_T01,9.181731269399657,918.1731269399658,Open,Generating,20.77
2025-04-13 12:12:11.179221,WHR,WHR_T02,7.787766484315967,778.7766484315968,Closed,Curtailed,16.89
2025-04-13 12:12:11.179221,WHR,WHR_T03,8.191803622400307,819.1803622400307,Closed,Generating,17.08
2025-04-13 12:12:11.179221,WHR,WHR_T04,9.201454542044738,920.1454542044738,Closed,Generating,18.5
2025-04-13 12:12:11.179221,WHR,WHR_T05,8.455818429598686,845.5818429598686,Closed,Generating,29.29
2025-04-13 12:12:11.179221,FOS,FOS_T01,11.072253370450978,1107.2253370450978,Closed,Ready,26.44
2025-04-13 12:12:11.179221,FOS,FOS_T02,4.99625680804826,499.625680804826,Closed,Ready,17.74
2025-04-13 12:12:11.179221,FOS,FOS_T03,10.485895658087301,1048.5895658087302,Closed,Curtailed,17.9
2025-04-13 12:12:11.179221,FOS,FOS_T04,9.53695898731559,953.6958987315589,Closed,Generating,24.69
2025-04-13 12:12:11.179221,FOS,FOS_T05,8.485298928951416,848.5298928951415,Closed,Generating,20.37
2025-04-13 12:42:11.179221,GEN,GEN_T01,9.3461536544588,934.6153654458799,Closed,Generating,15.48
2025-04-13 12:42:11.179221,GEN,GEN_T02,5.673536376651379,567.3536376651379,Closed,Generating,6.89
2025-04-13 12:42:11.179221,GEN,GEN_T03,10.404595749738894,1040.4595749738894,Closed,Curtailed,13.53
2025-04-13 12:42:11.179221,GEN,GEN_T04,5.855730285772669,585.5730285772669,Closed,Env. Curtail,21.74
2025-04-13 12:42:11.179221,GEN,GEN_T05,11.10622003329451,1110.622003329451,Closed,Generating,21.97
2025-04-13 12:42:11.179221,WHR,WHR_T01,9.031468910404797,903.1468910404797,Open,No Comm,25.05
2025-04-13 12:42:11.179221,WHR,WHR_T02,9.112734157842775,911.2734157842775,Closed,Generating,21.37
2025-04-13 12:42:11.179221,WHR,WHR_T03,5.655904946295893,565.5904946295893,Closed,Generating,13.94
2025-04-13 12:42:11.179221,WHR,WHR_T04,5.737996696783544,573.7996696783543,Closed,Generating,27.56
2025-04-13 12:42:11.179221,WHR,WHR_T05,8.809951278055735,880.9951278055735,Closed,Generating,28.88
2025-04-13 12:42:11.179221,FOS,FOS_T01,9.869287616641387,986.9287616641386,Closed,Generating,20.44
2025-04-13 12:42:11.179221,FOS,FOS_T02,7.215135813117981,721.5135813117981,Closed,Generating,16.89
2025-04-13 12:42:11.179221,FOS,FOS_T03,9.47840457318994,947.8404573189939,Closed,Generating,22.95
2025-04-13 12:42:11.179221,FOS,FOS_T04,9.707477395830828,970.7477395830829,Closed,Generating,22.02
2025-04-13 12:42:11.179221,FOS,FOS_T05,9.320785824651516,932.0785824651516,Closed,Generating,20.13
2025-04-13 13:12:11.179221,GEN,GEN_T01,7.691093246740571,769.109324674057,Closed,Generating,14.76
2025-04-13 13:12:11.179221,GEN,GEN_T02,7.447877528094535,744.7877528094535,Closed,Faulted,17.32
2025-04-13 13:12:11.179221,GEN,GEN_T03,7.2718907074663015,727.1890707466301,Closed,Generating,19.08
2025-04-13 13:12:11.179221,GEN,GEN_T04,9.143715682561199,914.3715682561199,Closed,Generating,25.24
2025-04-13 13:12:11.179221,GEN,GEN_T05,8.680829048584972,868.0829048584972,Closed,Generating,20.06
2025-04-13 13:12:11.179221,WHR,WHR_T01,7.282534232460809,728.2534232460808,Closed,Curtailed,21.21
2025-04-13 13:12:11.179221,WHR,WHR_T02,8.306001958115491,830.6001958115492,Closed,Ready,16.13
2025-04-13 13:12:11.179221,WHR,WHR_T03,6.993604454164905,699.3604454164905,Closed,Warning,16.96
2025-04-13 13:12:11.179221,WHR,WHR_T04,9.40451516920063,940.451516920063,Closed,Generating,23.66
2025-04-13 13:12:11.179221,WHR,WHR_T05,9.328960409710373,932.8960409710372,Closed,Generating,20.71
2025-04-13 13:12:11.179221,FOS,FOS_T01,7.254371629493075,725.4371629493075,Open,Maintenance,23.66
2025-04-13 13:12:11.179221,FOS,FOS_T02,6.461027611360226,646.1027611360227,Closed,Generating,19.33
2025-04-13 13:12:11.179221,FOS,FOS_T03,7.887252748877001,788.7252748877,Closed,Faulted,11.46
2025-04-13 13:12:11.179221,FOS,FOS_T04,9.064933258269129,906.4933258269128,Closed,Generating,16.6
2025-04-13 13:12:11.179221,FOS,FOS_T05,6.990148279022814,699.0148279022815,Open,Generating,29.79
2025-04-13 13:42:11.179221,GEN,GEN_T01,7.830263728193258,783.0263728193258,Closed,Generating,26.82
2025-04-13 13:42:11.179221,GEN,GEN_T02,8.76182813413627,876.182813413627,Closed,Warning,23.75
2025-04-13 13:42:11.179221,GEN,GEN_T03,10.436852315918877,1043.6852315918877,Closed,Generating,19.04
2025-04-13 13:42:11.179221,GEN,GEN_T04,6.142920354854487,614.2920354854488,Closed,Generating,14.52
2025-04-13 13:42:11.179221,GEN,GEN_T05,8.501899255756335,850.1899255756335,Closed,Generating,27.95
2025-04-13 13:42:11.179221,WHR,WHR_T01,6.560834946145139,656.0834946145139,Closed,Unknown,16.63
2025-04-13 13:42:11.179221,WHR,WHR_T02,5.187155472651346,518.7155472651347,Closed,Generating,26.13
2025-04-13 13:42:11.179221,WHR,WHR_T03,13.102114331670592,1310.211433167059,Open,Generating,19.49
2025-04-13 13:42:11.179221,WHR,WHR_T04,5.730672443349034,573.0672443349034,Closed,Generating,18.55
2025-04-13 13:42:11.179221,WHR,WHR_T05,8.65874479214679,865.8744792146789,Closed,Generating,12.82
2025-04-13 13:42:11.179221,FOS,FOS_T01,11.182079470809981,1118.207947080998,Closed,Environment,20.41
2025-04-13 13:42:11.179221,FOS,FOS_T02,8.62839120544063,862.839120544063,Closed,Generating,24.23
2025-04-13 13:42:11.179221,FOS,FOS_T03,7.670485648257752,767.0485648257752,Closed,Generating,15.93
2025-04-13 13:42:11.179221,FOS,FOS_T04,11.022052377332507,1102.2052377332507,Closed,Maintenance,16.69
2025-04-13 13:42:11.179221,FOS,FOS_T05,10.170543774490918,1017.0543774490918,Closed,Generating,17.91
2025-04-13 14:12:11.179221,GEN,GEN_T01,9.577619317052182,957.7619317052182,Open,Ready,16.28
2025-04-13 14:12:11.179221,GEN,GEN_T02,8.989763803632217,898.9763803632217,Closed,Generating,19.03
2025-04-13 14:12:11.179221,GEN,GEN_T03,9.683774699628582,968.3774699628582,Closed,Curtailed,18.45
2025-04-13 14:12:11.179221,GEN,GEN_T04,9.032394863362988,903.2394863362988,Closed,Generating,29.45
2025-04-13 14:12:11.179221,GEN,GEN_T05,9.088034665050296,908.8034665050296,Closed,Generating,24.36
2025-04-13 14:12:11.179221,WHR,WHR_T01,4.4261954659887195,442.6195465988719,Closed,Ready,12.36
2025-04-13 14:12:11.179221,WHR,WHR_T02,8.612670168256923,861.2670168256923,Closed,Generating,20.43
2025-04-13 14:12:11.179221,WHR,WHR_T03,9.037422956090438,903.7422956090438,Closed,Faulted,24.05
2025-04-13 14:12:11.179221,WHR,WHR_T04,6.655964661391322,665.5964661391322,Closed,Generating,20.22
2025-04-13 14:12:11.179221,WHR,WHR_T05,10.537436612020661,1053.743661202066,Closed,Env. Curtail,24.11
2025-04-13 14:12:11.179221,FOS,FOS_T01,6.080729375140234,608.0729375140235,Closed,Generating,20.32
2025-04-13 14:12:11.179221,FOS,FOS_T02,9.532245946759577,953.2245946759577,Closed,Curtailed,16.18
2025-04-13 14:12:11.179221,FOS,FOS_T03,11.96897951310231,1196.897951310231,Open,Generating,16.27
2025-04-13 14:12:11.179221,FOS,FOS_T04,8.924959139350705,892.4959139350705,Closed,Env. Curtail,20.08
2025-04-13 14:12:11.179221,FOS,FOS_T05,6.074056923913233,607.4056923913233,Closed,Warning,16.64
2025-04-13 14:42:11.179221,GEN,GEN_T01,8.21969241194881,821.969241194881,Closed,Generating,26.74
2025-04-13 14:42:11.179221,GEN,GEN_T02,10.606974405680136,1060.6974405680137,Closed,Generating,15.62
2025-04-13 14:42:11.179221,GEN,GEN_T03,5.421494472031386,542.1494472031386,Closed,Env. Curtail,16.05
2025-04-13 14:42:11.179221,GEN,GEN_T04,8.370232437997146,837.0232437997146,Closed,Ready,10.41
2025-04-13 14:42:11.179221,GEN,GEN_T05,8.50964356659868,850.9643566598679,Closed,Maintenance,13.56
2025-04-13 14:42:11.179221,WHR,WHR_T01,6.739247451907253,673.9247451907253,Closed,Generating,17.02
2025-04-13 14:42:11.179221,WHR,WHR_T02,6.054371584465172,605.4371584465172,Closed,Generating,11.36
2025-04-13 14:42:11.179221,WHR,WHR_T03,7.947743539952909,794.7743539952909,Closed,Curtailed,20.64
2025-04-13 14:42:11.179221,WHR,WHR_T04,8.049877425209477,804.9877425209477,Closed,Generating,17.13
2025-04-13 14:42:11.179221,WHR,WHR_T05,7.2431684444695295,724.3168444469529,Closed,Generating,19.0
2025-04-13 14:42:11.179221,FOS,FOS_T01,6.135148493577944,613.5148493577944,Closed,Faulted,21.44
2025-04-13 14:42:11.179221,FOS,FOS_T02,7.00705039812827,700.7050398128271,Closed,Ready,10.28
2025-04-13 14:42:11.179221,FOS,FOS_T03,6.328227168807665,632.8227168807665,Open,Generating,21.64
2025-04-13 14:42:11.179221,FOS,FOS_T04,6.931052966771552,693.1052966771551,Closed,Ready,13.9
2025-04-13 14:42:11.179221,FOS,FOS_T05,9.590229812490573,959.0229812490574,Closed,Env. Curtail,15.07
2025-04-13 15:12:11.179221,GEN,GEN_T01,6.240254696775409,624.025469677541,Closed,Unknown,18.76
2025-04-13 15:12:11.179221,GEN,GEN_T02,11.256913033829964,1125.6913033829965,Closed,Generating,28.82
2025-04-13 15:12:11.179221,GEN,GEN_T03,8.279822292309614,827.9822292309614,Closed,Generating,18.2
2025-04-13 15:12:11.179221,GEN,GEN_T04,6.717002918832105,671.7002918832105,Closed,Env. Curtail,15.29
2025-04-13 15:12:11.179221,GEN,GEN_T05,6.814932954330679,681.4932954330679,Closed,Env. Curtail,21.25
2025-04-13 15:12:11.179221,WHR,WHR_T01,9.961231692885534,996.1231692885533,Closed,Generating,15.52
2025-04-13 15:12:11.179221,WHR,WHR_T02,11.985274178138688,1198.5274178138689,Open,Generating,20.63
2025-04-13 15:12:11.179221,WHR,WHR_T03,3.7902898202568984,379.02898202568986,Closed,Generating,30.02
2025-04-13 15:12:11.179221,WHR,WHR_T04,8.941634548271217,894.1634548271218,Closed,Generating,15.75
2025-04-13 15:12:11.179221,WHR,WHR_T05,6.173502708225554,617.3502708225553,Closed,Generating,15.33
2025-04-13 15:12:11.179221,FOS,FOS_T01,10.033493039518262,1003.3493039518262,Closed,Generating,24.14
2025-04-13 15:12:11.179221,FOS,FOS_T02,8.453968250543866,845.3968250543867,Closed,Generating,16.78
2025-04-13 15:12:11.179221,FOS,FOS_T03,8.548696006414202,854.8696006414202,Open,Generating,24.09
2025-04-13 15:12:11.179221,FOS,FOS_T04,8.588828941313954,858.8828941313955,Closed,Generating,19.46
2025-04-13 15:12:11.179221,FOS,FOS_T05,9.96108838078701,996.108838078701,Closed,Maintenance,16.94
2025-04-13 15:42:11.179221,GEN,GEN_T01,10.052233042788826,1005.2233042788826,Closed,Generating,26.57
2025-04-13 15:42:11.179221,GEN,GEN_T02,6.940396984407895,694.0396984407895,Open,Generating,21.08
2025-04-13 15:42:11.179221,GEN,GEN_T03,11.545122812755295,1154.5122812755294,Closed,Generating,25.09
2025-04-13 15:42:11.179221,GEN,GEN_T04,8.211386231306198,821.1386231306199,Closed,Warning,21.64
2025-04-13 15:42:11.179221,GEN,GEN_T05,10.180200786236227,1018.0200786236228,Closed,Generating,21.74
2025-04-13 15:42:11.179221,WHR,WHR_T01,4.418570751774501,441.8570751774501,Closed,Generating,15.42
2025-04-13 15:42:11.179221,WHR,WHR_T02,5.609571163586508,560.9571163586508,Closed,Warning,14.66
2025-04-13 15:42:11.179221,WHR,WHR_T03,10.631272012140501,1063.12720121405,Closed,Generating,19.03
2025-04-13 15:42:11.179221,WHR,WHR_T04,11.542888377497853,1154.2888377497852,Open,Generating,17.93
2025-04-13 15:42:11.179221,WHR,WHR_T05,5.259831155539456,525.9831155539456,Closed,Generating,23.19
2025-04-13 15:42:11.179221,FOS,FOS_T01,8.685845944419746,868.5845944419747,Closed,Generating,29.09
2025-04-13 15:42:11.179221,FOS,FOS_T02,11.684338043318299,1168.4338043318298,Closed,Generating,18.6
2025-04-13 15:42:11.179221,FOS,FOS_T03,6.66954630525373,666.954630525373,Closed,Faulted,18.23
2025-04-13 15:42:11.179221,FOS,FOS_T04,8.483800302599999,848.3800302599999,Closed,Generating,21.15
2025-04-13 15:42:11.179221,FOS,FOS_T05,6.988381675679904,698.8381675679905,Closed,Env. Curtail,24.02
2025-04-13 16:12:11.179221,GEN,GEN_T01,9.645965706697009,964.5965706697009,Closed,Generating,14.44
2025-04-13 16:12:11.179221,GEN,GEN_T02,8.710360072655043,871.0360072655043,Closed,Generating,28.58
2025-04-13 16:12:11.179221,GEN,GEN_T03,6.271621048488608,627.1621048488608,Closed,Env. Curtail,22.26
2025-04-13 16:12:11.179221,GEN,GEN_T04,6.8876501938544905,688.765019385449,Open,Generating,26.71
2025-04-13 16:12:11.179221,GEN,GEN_T05,10.500455582311655,1050.0455582311656,Closed,Curtailed,21.41
2025-04-13 16:12:11.179221,WHR,WHR_T01,8.332964272303569,833.2964272303568,Closed,Generating,12.56
2025-04-13 16:12:11.179221,WHR,WHR_T02,6.964812572117259,696.4812572117258,Closed,Generating,25.66
2025-04-13 16:12:11.179221,WHR,WHR_T03,8.384019331802545,838.4019331802544,Closed,Ready,27.71
2025-04-13 16:12:11.179221,WHR,WHR_T04,7.252169919245835,725.2169919245836,Closed,Generating,13.42
2025-04-13 16:12:11.179221,WHR,WHR_T05,9.223554569681752,922.3554569681753,Closed,Generating,20.15
2025-04-13 16:12:11.179221,FOS,FOS_T01,8.595040205850163,859.5040205850163,Closed,Generating,20.88
2025-04-13 16:12:11.179221,FOS,FOS_T02,9.711286002992116,971.1286002992116,Closed,Generating,12.62
2025-04-13 16:12:11.179221,FOS,FOS_T03,6.399453737836305,639.9453737836305,Closed,Generating,26.71
2025-04-13 16:12:11.179221,FOS,FOS_T04,7.492554334910189,749.2554334910188,Closed,Faulted,19.2
2025-04-13 16:12:11.179221,FOS,FOS_T05,8.459288489975153,845.9288489975153,Closed,Generating,22.06
2025-04-13 16:42:11.179221,GEN,GEN_T01,4.691344854643353,469.13448546433534,Closed,Ready,21.58
2025-04-13 16:42:11.179221,GEN,GEN_T02,9.401468378415826,940.1468378415826,Closed,Generating,24.39
2025-04-13 16:42:11.179221,GEN,GEN_T03,6.063871869651332,606.3871869651332,Closed,Ready,21.49
2025-04-13 16:42:11.179221,GEN,GEN_T04,5.266590803866244,526.6590803866244,Open,Unknown,14.68
2025-04-13 16:42:11.179221,GEN,GEN_T05,5.266679627487084,526.6679627487084,Closed,Generating,26.93
2025-04-13 16:42:11.179221,WHR,WHR_T01,6.587446489103385,658.7446489103386,Closed,Ready,28.74
2025-04-13 16:42:11.179221,WHR,WHR_T02,5.573927990614475,557.3927990614475,Closed,Generating,19.41
2025-04-13 16:42:11.179221,WHR,WHR_T03,6.684717111492775,668.4717111492776,Closed,Generating,18.45
2025-04-13 16:42:11.179221,WHR,WHR_T04,4.538181994945834,453.8181994945834,Closed,Maintenance,29.22
2025-04-13 16:42:11.179221,WHR,WHR_T05,8.519472866565794,851.9472866565794,Closed,Env. Curtail,14.95
2025-04-13 16:42:11.179221,FOS,FOS_T01,7.808227552047095,780.8227552047094,Closed,Generating,17.37
2025-04-13 16:42:11.179221,FOS,FOS_T02,4.078471530223609,407.84715302236094,Closed,Maintenance,18.58
2025-04-13 16:42:11.179221,FOS,FOS_T03,8.28744620418179,828.744620418179,Open,Generating,8.51
2025-04-13 16:42:11.179221,FOS,FOS_T04,11.220016004853901,1122.00160048539,Closed,Generating,14.66
2025-04-13 16:42:11.179221,FOS,FOS_T05,6.206030814098919,620.603081409892,Closed,Warning,22.89
